Product ID,location_key,records,avg_lead_time,median_lead_time,total_sales,total_profit,total_cost,total_units,profit_margin
CHO-FUD-51000,Manitoba_Interior,2,2.5,2.5,18.0,12.0,6.0,5,0.6666666666666666
CHO-FUD-51000,South Carolina_Gulf,6,2.8333333333333335,3.5,82.8,55.199999999999996,27.599999999999998,23,0.6666666666666666
CHO-FUD-51000,New Hampshire_Atlantic,5,3.0,3.0,64.80000000000001,43.2,21.6,18,0.6666666666666666
CHO-FUD-51000,North Dakota_Interior,1,3.0,3.0,10.8,7.2,3.6,3,0.6666666666666666
CHO-FUD-51000,Rhode Island_Atlantic,11,3.0,2.0,158.4,105.6,52.8,44,0.6666666666666666
CHO-FUD-51000,Ontario_Atlantic,12,3.0833333333333335,3.0,115.2,76.8,38.4,32,0.6666666666666666
CHO-FUD-51000,Indiana_Interior,26,3.769230769230769,4.0,331.2,220.8,110.4,92,0.6666666666666667
CHO-FUD-51000,Missouri_Interior,6,3.8333333333333335,4.0,97.2,64.8,32.4,27,0.6666666666666666
CHO-FUD-51000,Wisconsin_Interior,18,3.888888888888889,4.0,259.2,172.8,86.4,72,0.6666666666666667
CHO-FUD-51000,Georgia_Gulf,26,3.9615384615384617,5.0,284.4,189.6,94.8,79,0.6666666666666667
CHO-FUD-51000,Kansas_Interior,4,4.0,3.5,54.0,36.0,18.0,15,0.6666666666666666
CHO-FUD-51000,Louisiana_Gulf,8,4.0,5.0,82.8,55.199999999999996,27.599999999999998,23,0.6666666666666666
CHO-FUD-51000,Maine_Atlantic,1,4.0,4.0,32.4,21.6,10.8,9,0.6666666666666667
CHO-FUD-51000,Maryland_Atlantic,9,4.0,5.0,140.4,93.6,46.8,39,0.6666666666666666
CHO-FUD-51000,Ohio_Atlantic,92,4.010869565217392,4.0,1141.2,760.8,380.4,317,0.6666666666666666
CHO-FUD-51000,Florida_Gulf,73,4.095890410958904,4.0,975.6,650.4,325.2,271,0.6666666666666666
CHO-FUD-51000,Texas_Interior,180,4.111111111111111,4.0,2534.4,1689.6,844.8,704,0.6666666666666666
CHO-FUD-51000,Mississippi_Gulf,8,4.125,4.0,79.2,52.8,26.4,22,0.6666666666666666
CHO-FUD-51000,Pennsylvania_Atlantic,116,4.129310344827586,4.0,1540.8,1027.2,513.6,428,0.6666666666666667
CHO-FUD-51000,Virginia_Gulf,44,4.136363636363637,4.0,615.6,410.4,205.2,171,0.6666666666666666
CHO-FUD-51000,Kentucky_Gulf,28,4.142857142857143,4.0,396.0,264.0,132.0,110,0.6666666666666666
CHO-FUD-51000,Nebraska_Interior,5,4.2,5.0,64.8,43.2,21.6,18,0.6666666666666667
CHO-FUD-51000,Nevada_Pacific,9,4.222222222222222,4.0,147.6,98.4,49.2,41,0.6666666666666667
CHO-FUD-51000,California_Pacific,358,4.231843575418995,5.0,4960.8,3307.2,1653.6,1378,0.6666666666666666
CHO-FUD-51000,Connecticut_Atlantic,15,4.266666666666667,5.0,169.20000000000002,112.8,56.4,47,0.6666666666666666
CHO-FUD-51000,Massachusetts_Atlantic,34,4.294117647058823,4.5,403.2,268.8,134.4,112,0.6666666666666667
CHO-FUD-51000,North Carolina_Gulf,40,4.3,4.0,579.6,386.4,193.2,161,0.6666666666666666
CHO-FUD-51000,New York_Atlantic,201,4.313432835820896,4.0,2707.2000000000003,1804.8,902.4,752,0.6666666666666666
CHO-FUD-51000,Washington_Pacific,83,4.397590361445783,4.0,1112.4,741.6,370.8,309,0.6666666666666666
CHO-FUD-51000,Idaho_Pacific,5,4.4,5.0,54.0,36.0,18.0,15,0.6666666666666666
CHO-FUD-51000,Delaware_Atlantic,12,4.416666666666667,5.0,208.8,139.2,69.6,58,0.6666666666666666
CHO-FUD-51000,Alabama_Gulf,12,4.5,4.0,190.8,127.2,63.6,53,0.6666666666666666
CHO-FUD-51000,Arizona_Pacific,30,4.5,5.0,478.8,319.2,159.6,133,0.6666666666666666
CHO-FUD-51000,Michigan_Interior,52,4.538461538461538,5.0,802.8,535.2,267.6,223,0.6666666666666667
CHO-FUD-51000,Illinois_Interior,80,4.575,5.0,1119.6,746.4,373.2,311,0.6666666666666667
CHO-FUD-51000,Utah_Pacific,12,4.583333333333333,5.0,169.2,112.8,56.4,47,0.6666666666666667
CHO-FUD-51000,Tennessee_Gulf,34,4.647058823529412,5.0,432.0,288.0,144.0,120,0.6666666666666666
CHO-FUD-51000,British Columbia_Pacific,12,4.666666666666667,5.0,126.0,84.0,42.0,35,0.6666666666666666
CHO-FUD-51000,Montana_Pacific,3,4.666666666666667,5.0,32.4,21.6,10.8,9,0.6666666666666667
CHO-FUD-51000,Oklahoma_Interior,14,4.714285714285714,5.0,158.4,105.6,52.8,44,0.6666666666666666
CHO-FUD-51000,Colorado_Pacific,29,4.724137931034483,5.0,450.0,300.0,150.0,125,0.6666666666666666
CHO-FUD-51000,Minnesota_Interior,16,4.75,5.0,198.0,132.0,66.0,55,0.6666666666666666
CHO-FUD-51000,New Jersey_Atlantic,23,5.0,6.0,324.0,216.0,108.0,90,0.6666666666666666
CHO-FUD-51000,Arkansas_Gulf,12,5.25,5.5,176.4,117.6,58.8,49,0.6666666666666666
CHO-FUD-51000,District of Columbia_Atlantic,5,5.4,5.0,79.2,52.8,26.4,22,0.6666666666666666
CHO-FUD-51000,Quebec_Atlantic,12,5.416666666666667,5.0,144.0,96.0,48.0,40,0.6666666666666666
CHO-FUD-51000,Oregon_Pacific,21,5.476190476190476,6.0,352.8,235.2,117.6,98,0.6666666666666666
CHO-FUD-51000,Alberta_Pacific,2,5.5,5.5,36.0,24.0,12.0,10,0.6666666666666666
CHO-FUD-51000,New Mexico_Pacific,5,5.8,6.0,104.4,69.6,34.8,29,0.6666666666666666
CHO-FUD-51000,South Dakota_Interior,1,6.0,6.0,10.8,7.2,3.6,3,0.6666666666666666
CHO-FUD-51000,Iowa_Interior,5,6.6,7.0,82.8,55.2,27.6,23,0.6666666666666667
CHO-MIL-31000,Louisiana_Gulf,9,2.888888888888889,3.0,126.75,82.29,44.46,39,0.6492307692307693
CHO-MIL-31000,Alabama_Gulf,13,3.0,3.0,195.0,126.6,68.4,60,0.6492307692307692
CHO-MIL-31000,South Carolina_Gulf,6,3.3333333333333335,3.5,100.75,65.41,35.339999999999996,31,0.6492307692307692
CHO-MIL-31000,Kansas_Interior,3,3.6666666666666665,5.0,29.25,18.99,10.26,9,0.6492307692307692
CHO-MIL-31000,Rhode Island_Atlantic,13,3.769230769230769,3.0,139.75,90.73,49.019999999999996,43,0.6492307692307693
CHO-MIL-31000,Ohio_Atlantic,90,3.7888888888888888,4.0,1066.0,692.08,373.92,328,0.6492307692307693
CHO-MIL-31000,Colorado_Pacific,38,3.8684210526315788,4.0,494.0,320.71999999999997,173.28,152,0.6492307692307692
CHO-MIL-31000,Connecticut_Atlantic,17,3.9411764705882355,5.0,230.75,149.81,80.94,71,0.6492307692307693
CHO-MIL-31000,Idaho_Pacific,4,4.0,4.0,48.75,31.65,17.1,15,0.6492307692307692
CHO-MIL-31000,Maine_Atlantic,1,4.0,4.0,6.5,4.22,2.28,2,0.6492307692307692
CHO-MIL-31000,Manitoba_Interior,8,4.0,4.0,71.5,46.42,25.08,22,0.6492307692307693
CHO-MIL-31000,Vermont_Atlantic,2,4.0,4.0,29.25,18.990000000000002,10.26,9,0.6492307692307693
CHO-MIL-31000,Maryland_Atlantic,15,4.066666666666666,5.0,221.0,143.48,77.52,68,0.6492307692307692
CHO-MIL-31000,Georgia_Gulf,34,4.147058823529412,5.0,464.75,301.73,163.02,143,0.6492307692307693
CHO-MIL-31000,Oklahoma_Interior,11,4.181818181818182,5.0,117.0,75.96,41.04,36,0.6492307692307692
CHO-MIL-31000,North Carolina_Gulf,46,4.239130434782608,4.0,585.0,379.8,205.2,180,0.6492307692307693
CHO-MIL-31000,Washington_Pacific,108,4.2407407407407405,4.0,1313.0,852.4399999999999,460.56,404,0.6492307692307692
CHO-MIL-31000,Nebraska_Interior,4,4.25,4.0,35.75,23.21,12.54,11,0.6492307692307693
CHO-MIL-31000,Nevada_Pacific,4,4.25,4.0,39.0,25.32,13.68,12,0.6492307692307693
CHO-MIL-31000,Nova Scotia_Atlantic,4,4.25,4.0,65.0,42.2,22.8,20,0.6492307692307693
CHO-MIL-31000,Pennsylvania_Atlantic,105,4.266666666666667,4.0,1248.0,810.24,437.76,384,0.6492307692307693
CHO-MIL-31000,Kentucky_Gulf,22,4.2727272727272725,4.0,289.25,187.79,101.46,89,0.6492307692307692
CHO-MIL-31000,Ontario_Atlantic,22,4.2727272727272725,4.0,308.75,200.45000000000002,108.3,95,0.6492307692307693
CHO-MIL-31000,Wisconsin_Interior,29,4.275862068965517,4.0,448.5,291.18,157.32,138,0.6492307692307693
CHO-MIL-31000,New York_Atlantic,236,4.3474576271186445,5.0,2717.0,1763.96,953.04,836,0.6492307692307693
CHO-MIL-31000,Virginia_Gulf,60,4.35,5.0,796.25,516.95,279.3,245,0.6492307692307693
CHO-MIL-31000,California_Pacific,408,4.3504901960784315,4.0,5547.75,3601.77,1945.98,1707,0.6492307692307693
CHO-MIL-31000,Texas_Interior,208,4.365384615384615,4.0,2613.0,1696.44,916.56,804,0.6492307692307693
CHO-MIL-31000,Michigan_Interior,58,4.379310344827586,4.5,669.5,434.65999999999997,234.84,206,0.6492307692307692
CHO-MIL-31000,Florida_Gulf,78,4.384615384615385,4.5,1004.25,651.99,352.26,309,0.6492307692307693
CHO-MIL-31000,Minnesota_Interior,22,4.409090909090909,5.0,250.25,162.47,87.78,77,0.6492307692307693
CHO-MIL-31000,Arkansas_Gulf,14,4.5,4.5,172.25,111.83,60.419999999999995,53,0.6492307692307692
CHO-MIL-31000,Missouri_Interior,18,4.555555555555555,4.5,204.75,132.93,71.82000000000001,63,0.6492307692307693
CHO-MIL-31000,Illinois_Interior,105,4.580952380952381,5.0,1241.5,806.02,435.48,382,0.6492307692307692
CHO-MIL-31000,Mississippi_Gulf,12,4.583333333333333,4.5,165.75,107.61,58.14,51,0.6492307692307693
CHO-MIL-31000,Delaware_Atlantic,32,4.625,5.0,380.25,246.87,133.38,117,0.6492307692307693
CHO-MIL-31000,Iowa_Interior,6,4.666666666666667,5.0,48.75,31.65,17.099999999999998,15,0.6492307692307692
CHO-MIL-31000,New Jersey_Atlantic,33,4.7272727272727275,5.0,360.75,234.21,126.53999999999999,111,0.6492307692307693
CHO-MIL-31000,Massachusetts_Atlantic,35,4.8,5.0,390.0,253.2,136.8,120,0.6492307692307692
CHO-MIL-31000,Arizona_Pacific,50,4.94,5.0,604.5,392.46,212.04,186,0.6492307692307692
CHO-MIL-31000,Tennessee_Gulf,39,4.948717948717949,5.0,507.0,329.15999999999997,177.84,156,0.6492307692307692
CHO-MIL-31000,Oregon_Pacific,21,4.9523809523809526,5.0,230.75,149.81,80.94,71,0.6492307692307693
CHO-MIL-31000,Utah_Pacific,12,5.0,5.0,178.75,116.05,62.7,55,0.6492307692307692
CHO-MIL-31000,West Virginia_Atlantic,1,5.0,5.0,6.5,4.22,2.28,2,0.6492307692307692
CHO-MIL-31000,Quebec_Atlantic,20,5.2,5.0,221.0,143.48,77.52,68,0.6492307692307692
CHO-MIL-31000,Alberta_Pacific,6,5.333333333333333,5.0,123.5,80.17999999999999,43.31999999999999,38,0.6492307692307692
CHO-MIL-31000,New Mexico_Pacific,12,5.333333333333333,5.5,165.75,107.61,58.14,51,0.6492307692307693
CHO-MIL-31000,Indiana_Interior,27,5.407407407407407,6.0,344.5,223.66,120.84,106,0.6492307692307692
CHO-MIL-31000,Prince Edward Island_Atlantic,4,5.5,5.5,52.0,33.76,18.24,16,0.6492307692307692
CHO-MIL-31000,Saskatchewan_Pacific,2,5.5,5.5,29.25,18.99,10.26,9,0.6492307692307692
CHO-MIL-31000,New Hampshire_Atlantic,7,5.714285714285714,5.0,133.25,86.50999999999999,46.739999999999995,41,0.6492307692307692
CHO-MIL-31000,District of Columbia_Atlantic,2,6.0,6.0,16.25,10.55,5.699999999999999,5,0.6492307692307693
CHO-MIL-31000,Montana_Pacific,1,7.0,7.0,19.5,12.66,6.84,6,0.6492307692307693
CHO-NUT-13000,Quebec_Atlantic,6,2.1666666666666665,1.0,59.33,42.33,17.0,17,0.7134670487106017
CHO-NUT-13000,Louisiana_Gulf,12,2.9166666666666665,2.5,136.11,97.11,39.0,39,0.7134670487106016
CHO-NUT-13000,Idaho_Pacific,4,3.0,3.0,34.900000000000006,24.9,10.0,10,0.7134670487106015
CHO-NUT-13000,Iowa_Interior,5,3.0,2.0,80.27,57.269999999999996,23.0,23,0.7134670487106017
CHO-NUT-13000,North Dakota_Interior,1,3.0,3.0,13.96,9.96,4.0,4,0.7134670487106017
CHO-NUT-13000,Nebraska_Interior,9,3.4444444444444446,4.0,111.68,79.68,32.0,32,0.7134670487106017
CHO-NUT-13000,Arkansas_Gulf,9,3.5555555555555554,3.0,143.09,102.09,41.0,41,0.7134670487106017
CHO-NUT-13000,Rhode Island_Atlantic,8,3.625,2.5,83.76,59.76,24.0,24,0.7134670487106016
CHO-NUT-13000,Michigan_Interior,46,3.869565217391304,4.0,642.16,458.16,184.0,184,0.7134670487106018
CHO-NUT-13000,Connecticut_Atlantic,15,3.933333333333333,5.0,177.99,126.99000000000001,51.0,51,0.7134670487106017
CHO-NUT-13000,Ohio_Atlantic,80,3.95,4.0,1067.94,761.94,306.0,306,0.7134670487106017
CHO-NUT-13000,Alberta_Pacific,2,4.0,4.0,27.92,19.92,8.0,8,0.7134670487106017
CHO-NUT-13000,Kansas_Interior,5,4.0,4.0,59.33,42.33,17.0,17,0.7134670487106017
CHO-NUT-13000,Mississippi_Gulf,11,4.0,4.0,164.03,117.03,47.0,47,0.7134670487106017
CHO-NUT-13000,Montana_Pacific,2,4.0,4.0,31.41,22.41,9.0,9,0.7134670487106017
CHO-NUT-13000,South Carolina_Gulf,7,4.0,4.0,97.72,69.72,28.0,28,0.7134670487106017
CHO-NUT-13000,Pennsylvania_Atlantic,101,4.069306930693069,4.0,1238.95,883.95,355.0,355,0.7134670487106017
CHO-NUT-13000,California_Pacific,367,4.079019073569483,4.0,4781.3,3411.3,1370.0,1370,0.7134670487106017
CHO-NUT-13000,Colorado_Pacific,29,4.137931034482759,4.0,328.06,234.06,94.0,94,0.7134670487106017
CHO-NUT-13000,Georgia_Gulf,46,4.1521739130434785,5.0,631.69,450.69,181.0,181,0.7134670487106016
CHO-NUT-13000,Virginia_Gulf,30,4.2,4.0,404.84000000000003,288.84,116.0,116,0.7134670487106016
CHO-NUT-13000,Massachusetts_Atlantic,18,4.222222222222222,4.0,265.24,189.24,76.0,76,0.7134670487106017
CHO-NUT-13000,Arizona_Pacific,31,4.225806451612903,4.0,366.45,261.45,105.0,105,0.7134670487106017
CHO-NUT-13000,New Brunswick_Atlantic,4,4.25,4.0,97.72,69.72,28.0,28,0.7134670487106017
CHO-NUT-13000,Texas_Interior,174,4.281609195402299,4.0,2184.7400000000002,1558.74,626.0,626,0.7134670487106016
CHO-NUT-13000,Illinois_Interior,103,4.300970873786408,4.0,1357.6100000000001,968.61,389.0,389,0.7134670487106016
CHO-NUT-13000,North Carolina_Gulf,49,4.346938775510204,5.0,659.61,470.61,189.0,189,0.7134670487106017
CHO-NUT-13000,Florida_Gulf,64,4.375,5.0,757.33,540.33,217.0,217,0.7134670487106017
CHO-NUT-13000,Wisconsin_Interior,24,4.375,5.0,296.65,211.65,85.0,85,0.7134670487106018
CHO-NUT-13000,Oregon_Pacific,29,4.379310344827586,5.0,383.90000000000003,273.9,110.0,110,0.7134670487106016
CHO-NUT-13000,Washington_Pacific,85,4.411764705882353,5.0,1113.31,794.31,319.0,319,0.7134670487106017
CHO-NUT-13000,Delaware_Atlantic,13,4.461538461538462,5.0,177.99,126.99,51.0,51,0.7134670487106016
CHO-NUT-13000,Missouri_Interior,17,4.470588235294118,5.0,251.28,179.28,72.0,72,0.7134670487106017
CHO-NUT-13000,New York_Atlantic,186,4.473118279569892,5.0,2544.21,1815.21,729.0,729,0.7134670487106017
CHO-NUT-13000,Nevada_Pacific,6,4.5,4.0,101.21000000000001,72.21000000000001,29.0,29,0.7134670487106017
CHO-NUT-13000,New Hampshire_Atlantic,4,4.5,4.5,62.82,44.82,18.0,18,0.7134670487106017
CHO-NUT-13000,Kentucky_Gulf,21,4.571428571428571,4.0,268.73,191.73000000000002,77.0,77,0.7134670487106017
CHO-NUT-13000,Maryland_Atlantic,24,4.583333333333333,5.0,369.94,263.94,106.0,106,0.7134670487106017
CHO-NUT-13000,Utah_Pacific,6,4.666666666666667,5.0,66.31,47.31,19.0,19,0.7134670487106017
CHO-NUT-13000,Vermont_Atlantic,3,4.666666666666667,4.0,38.39,27.39,11.0,11,0.7134670487106017
CHO-NUT-13000,Alabama_Gulf,10,4.7,4.5,101.21000000000001,72.21,29.0,29,0.7134670487106016
CHO-NUT-13000,Indiana_Interior,30,4.7,5.0,425.78000000000003,303.78,122.0,122,0.7134670487106016
CHO-NUT-13000,Tennessee_Gulf,37,4.8108108108108105,5.0,432.76,308.76,124.0,124,0.7134670487106017
CHO-NUT-13000,New Jersey_Atlantic,19,4.894736842105263,5.0,181.48000000000002,129.48,52.0,52,0.7134670487106016
CHO-NUT-13000,Oklahoma_Interior,15,4.933333333333334,5.0,209.4,149.4,60.0,60,0.7134670487106017
CHO-NUT-13000,Ontario_Atlantic,3,5.0,5.0,27.92,19.92,8.0,8,0.7134670487106017
CHO-NUT-13000,South Dakota_Interior,4,5.0,5.0,38.39,27.39,11.0,11,0.7134670487106017
CHO-NUT-13000,West Virginia_Atlantic,1,5.0,5.0,27.92,19.92,8.0,8,0.7134670487106017
CHO-NUT-13000,Wyoming_Pacific,1,5.0,5.0,13.96,9.96,4.0,4,0.7134670487106017
CHO-NUT-13000,New Mexico_Pacific,6,5.166666666666667,5.0,66.31,47.31,19.0,19,0.7134670487106017
CHO-NUT-13000,British Columbia_Pacific,4,5.25,5.0,69.80000000000001,49.8,20.0,20,0.7134670487106015
CHO-NUT-13000,Minnesota_Interior,19,5.368421052631579,5.0,240.81,171.81,69.0,69,0.7134670487106017
CHO-NUT-13000,Prince Edward Island_Atlantic,2,5.5,5.5,34.9,24.9,10.0,10,0.7134670487106017
CHO-NUT-13000,Maine_Atlantic,3,5.666666666666667,6.0,24.43,17.43,7.0,7,0.7134670487106017
CHO-SCR-58000,West Virginia_Atlantic,1,1.0,1.0,10.8,7.5,3.3,3,0.6944444444444444
CHO-SCR-58000,New Hampshire_Atlantic,4,3.0,3.0,50.4,35.0,15.4,14,0.6944444444444444
CHO-SCR-58000,Massachusetts_Atlantic,24,3.125,3.0,334.8,232.5,102.3,93,0.6944444444444444
CHO-SCR-58000,Ontario_Atlantic,13,3.230769230769231,3.0,205.2,142.5,62.7,57,0.6944444444444445
CHO-SCR-58000,Ohio_Atlantic,90,3.5,3.0,1263.6,877.5,386.1,351,0.6944444444444445
CHO-SCR-58000,Nebraska_Interior,9,3.5555555555555554,4.0,118.80000000000001,82.5,36.3,33,0.6944444444444444
CHO-SCR-58000,Colorado_Pacific,45,3.7111111111111112,4.0,669.6,465.0,204.6,186,0.6944444444444444
CHO-SCR-58000,Virginia_Gulf,35,3.7142857142857144,4.0,518.4,360.0,158.4,144,0.6944444444444444
CHO-SCR-58000,Connecticut_Atlantic,17,3.823529411764706,4.0,176.4,122.5,53.9,49,0.6944444444444444
CHO-SCR-58000,Vermont_Atlantic,2,4.0,4.0,64.8,45.0,19.8,18,0.6944444444444444
CHO-SCR-58000,California_Pacific,400,4.03,4.0,5302.8,3682.5,1620.3,1473,0.6944444444444444
CHO-SCR-58000,Rhode Island_Atlantic,11,4.090909090909091,4.0,111.60000000000001,77.5,34.1,31,0.6944444444444444
CHO-SCR-58000,Delaware_Atlantic,18,4.111111111111111,5.0,244.8,170.0,74.8,68,0.6944444444444444
CHO-SCR-58000,Kentucky_Gulf,28,4.142857142857143,4.0,374.40000000000003,260.0,114.4,104,0.6944444444444444
CHO-SCR-58000,Florida_Gulf,72,4.152777777777778,4.0,907.2,630.0,277.2,252,0.6944444444444444
CHO-SCR-58000,Quebec_Atlantic,6,4.166666666666667,4.5,39.6,27.5,12.100000000000001,11,0.6944444444444444
CHO-SCR-58000,Michigan_Interior,49,4.183673469387755,4.0,658.8000000000001,457.5,201.3,183,0.6944444444444444
CHO-SCR-58000,Maryland_Atlantic,27,4.222222222222222,4.0,302.40000000000003,210.0,92.4,84,0.6944444444444444
CHO-SCR-58000,Oregon_Pacific,27,4.2592592592592595,5.0,349.2,242.5,106.7,97,0.6944444444444444
CHO-SCR-58000,Arizona_Pacific,50,4.26,5.0,622.8,432.5,190.3,173,0.6944444444444445
CHO-SCR-58000,Pennsylvania_Atlantic,114,4.271929824561403,4.0,1558.8,1082.5,476.3,433,0.6944444444444444
CHO-SCR-58000,Georgia_Gulf,38,4.2894736842105265,5.0,558.0,387.5,170.5,155,0.6944444444444444
CHO-SCR-58000,New York_Atlantic,258,4.317829457364341,4.0,3506.4,2435.0,1071.4,974,0.6944444444444444
CHO-SCR-58000,Texas_Interior,215,4.3534883720930235,4.0,2923.2000000000003,2030.0,893.2,812,0.6944444444444444
CHO-SCR-58000,Washington_Pacific,101,4.405940594059406,5.0,1267.2,880.0,387.2,352,0.6944444444444444
CHO-SCR-58000,North Carolina_Gulf,54,4.407407407407407,4.0,806.4,560.0,246.4,224,0.6944444444444444
CHO-SCR-58000,Wisconsin_Interior,16,4.4375,4.5,212.4,147.5,64.9,59,0.6944444444444444
CHO-SCR-58000,British Columbia_Pacific,2,4.5,4.5,57.6,40.0,17.6,16,0.6944444444444444
CHO-SCR-58000,Iowa_Interior,6,4.5,4.0,64.8,45.0,19.8,18,0.6944444444444444
CHO-SCR-58000,Kansas_Interior,6,4.5,4.0,75.6,52.5,23.1,21,0.6944444444444445
CHO-SCR-58000,Louisiana_Gulf,4,4.5,4.5,64.8,45.0,19.8,18,0.6944444444444444
CHO-SCR-58000,Illinois_Interior,84,4.523809523809524,4.0,1062.0,737.5,324.5,295,0.6944444444444444
CHO-SCR-58000,Minnesota_Interior,8,4.625,5.0,122.4,85.0,37.4,34,0.6944444444444444
CHO-SCR-58000,South Carolina_Gulf,8,4.625,4.5,100.8,70.0,30.8,28,0.6944444444444444
CHO-SCR-58000,Oklahoma_Interior,12,4.666666666666667,5.0,201.6,140.0,61.6,56,0.6944444444444444
CHO-SCR-58000,Arkansas_Gulf,10,4.7,4.0,115.2,80.0,35.2,32,0.6944444444444444
CHO-SCR-58000,New Jersey_Atlantic,23,4.782608695652174,4.0,320.4,222.5,97.9,89,0.6944444444444445
CHO-SCR-58000,Idaho_Pacific,5,4.8,4.0,57.6,40.0,17.6,16,0.6944444444444444
CHO-SCR-58000,Tennessee_Gulf,38,4.815789473684211,5.0,496.8,345.0,151.8,138,0.6944444444444444
CHO-SCR-58000,Mississippi_Gulf,11,4.818181818181818,5.0,205.2,142.5,62.7,57,0.6944444444444445
CHO-SCR-58000,Indiana_Interior,34,4.911764705882353,5.0,496.8,345.0,151.8,138,0.6944444444444444
CHO-SCR-58000,Alberta_Pacific,12,4.916666666666667,5.0,140.4,97.5,42.900000000000006,39,0.6944444444444444
CHO-SCR-58000,Alabama_Gulf,12,5.0,5.0,183.6,127.5,56.1,51,0.6944444444444444
CHO-SCR-58000,Montana_Pacific,3,5.0,5.0,28.8,20.0,8.8,8,0.6944444444444444
CHO-SCR-58000,North Dakota_Interior,3,5.0,6.0,32.4,22.5,9.9,9,0.6944444444444444
CHO-SCR-58000,Prince Edward Island_Atlantic,4,5.0,5.0,43.2,30.0,13.2,12,0.6944444444444444
CHO-SCR-58000,Utah_Pacific,11,5.0,5.0,158.4,110.0,48.4,44,0.6944444444444444
CHO-SCR-58000,Missouri_Interior,13,5.076923076923077,5.0,165.6,115.0,50.6,46,0.6944444444444444
CHO-SCR-58000,Nevada_Pacific,9,5.222222222222222,6.0,140.4,97.5,42.9,39,0.6944444444444444
CHO-SCR-58000,New Mexico_Pacific,7,5.428571428571429,5.0,90.0,62.5,27.5,25,0.6944444444444444
CHO-SCR-58000,Maine_Atlantic,2,5.5,5.5,14.4,10.0,4.4,4,0.6944444444444444
CHO-SCR-58000,South Dakota_Interior,4,5.75,6.0,68.4,47.5,20.9,19,0.6944444444444444
CHO-SCR-58000,District of Columbia_Atlantic,3,6.0,6.0,46.800000000000004,32.5,14.3,13,0.6944444444444444
CHO-SCR-58000,Newfoundland and Labrador_Atlantic,6,8.0,7.5,162.0,112.5,49.5,45,0.6944444444444444
CHO-TRI-54000,Nova Scotia_Atlantic,2,2.5,2.5,22.5,14.7,7.8,6,0.6533333333333333
CHO-TRI-54000,Ontario_Atlantic,8,2.875,3.0,157.5,102.89999999999999,54.6,42,0.6533333333333333
CHO-TRI-54000,New Hampshire_Atlantic,4,3.0,3.0,75.0,49.0,26.0,20,0.6533333333333333
CHO-TRI-54000,North Dakota_Interior,2,3.0,3.0,52.5,34.3,18.2,14,0.6533333333333333
CHO-TRI-54000,Vermont_Atlantic,3,3.3333333333333335,4.0,22.5,14.7,7.8,6,0.6533333333333333
CHO-TRI-54000,Idaho_Pacific,3,3.6666666666666665,3.0,30.0,19.6,10.4,8,0.6533333333333334
CHO-TRI-54000,Rhode Island_Atlantic,8,3.75,3.5,142.5,93.10000000000001,49.4,38,0.6533333333333334
CHO-TRI-54000,South Carolina_Gulf,13,3.769230769230769,4.0,206.25,134.75,71.5,55,0.6533333333333333
CHO-TRI-54000,Connecticut_Atlantic,14,3.7857142857142856,3.0,210.0,137.2,72.8,56,0.6533333333333333
CHO-TRI-54000,Ohio_Atlantic,99,3.808080808080808,4.0,1413.75,923.65,490.1,377,0.6533333333333333
CHO-TRI-54000,Louisiana_Gulf,6,3.8333333333333335,3.5,93.75,61.25,32.5,25,0.6533333333333333
CHO-TRI-54000,Utah_Pacific,11,3.909090909090909,4.0,183.75,120.05,63.699999999999996,49,0.6533333333333333
CHO-TRI-54000,Colorado_Pacific,32,3.96875,4.0,412.5,269.5,143.0,110,0.6533333333333333
CHO-TRI-54000,Arizona_Pacific,55,4.0,4.0,825.0,539.0,286.0,220,0.6533333333333333
CHO-TRI-54000,Maine_Atlantic,1,4.0,4.0,48.75,31.85,16.9,13,0.6533333333333333
CHO-TRI-54000,Missouri_Interior,11,4.0,5.0,157.5,102.89999999999999,54.6,42,0.6533333333333333
CHO-TRI-54000,Quebec_Atlantic,4,4.0,4.0,33.75,22.05,11.7,9,0.6533333333333333
CHO-TRI-54000,Georgia_Gulf,31,4.161290322580645,5.0,397.5,259.7,137.8,106,0.6533333333333333
CHO-TRI-54000,Texas_Interior,180,4.1722222222222225,4.0,2527.5,1651.3,876.2,674,0.6533333333333333
CHO-TRI-54000,Nebraska_Interior,10,4.2,5.0,150.0,98.0,52.0,40,0.6533333333333333
CHO-TRI-54000,Iowa_Interior,8,4.25,4.5,123.75,80.85,42.9,33,0.6533333333333333
CHO-TRI-54000,New Brunswick_Atlantic,4,4.25,4.0,75.0,49.0,26.0,20,0.6533333333333333
CHO-TRI-54000,Virginia_Gulf,46,4.260869565217392,4.0,693.75,453.25,240.5,185,0.6533333333333333
CHO-TRI-54000,Massachusetts_Atlantic,19,4.2631578947368425,4.0,281.25,183.75,97.5,75,0.6533333333333333
CHO-TRI-54000,New Jersey_Atlantic,26,4.269230769230769,4.0,311.25,203.35,107.9,83,0.6533333333333333
CHO-TRI-54000,North Carolina_Gulf,55,4.2727272727272725,4.0,791.25,516.95,274.3,211,0.6533333333333334
CHO-TRI-54000,California_Pacific,415,4.281927710843373,5.0,5846.25,3819.55,2026.7,1559,0.6533333333333333
CHO-TRI-54000,Pennsylvania_Atlantic,122,4.319672131147541,4.0,1556.25,1016.75,539.5,415,0.6533333333333333
CHO-TRI-54000,Florida_Gulf,83,4.325301204819277,4.0,1005.0,656.6,348.4,268,0.6533333333333333
CHO-TRI-54000,New York_Atlantic,200,4.405,5.0,2801.25,1830.15,971.1,747,0.6533333333333333
CHO-TRI-54000,Washington_Pacific,113,4.407079646017699,4.0,1710.0,1117.2,592.8,456,0.6533333333333333
CHO-TRI-54000,Maryland_Atlantic,26,4.423076923076923,4.5,431.25,281.75,149.5,115,0.6533333333333333
CHO-TRI-54000,Illinois_Interior,105,4.438095238095238,5.0,1560.0,1019.2,540.8,416,0.6533333333333333
CHO-TRI-54000,British Columbia_Pacific,4,4.5,4.5,37.5,24.5,13.0,10,0.6533333333333333
CHO-TRI-54000,Manitoba_Interior,2,4.5,4.5,48.75,31.85,16.9,13,0.6533333333333333
CHO-TRI-54000,Oregon_Pacific,22,4.5,5.0,397.5,259.7,137.8,106,0.6533333333333333
CHO-TRI-54000,Arkansas_Gulf,13,4.538461538461538,5.0,221.25,144.55,76.7,59,0.6533333333333334
CHO-TRI-54000,Kentucky_Gulf,36,4.583333333333333,5.0,480.0,313.6,166.4,128,0.6533333333333334
CHO-TRI-54000,Wisconsin_Interior,18,4.611111111111111,5.0,288.75,188.65,100.1,77,0.6533333333333333
CHO-TRI-54000,Nevada_Pacific,8,4.625,5.0,112.5,73.5,39.0,30,0.6533333333333333
CHO-TRI-54000,Indiana_Interior,27,4.666666666666667,5.0,363.75,237.65,126.1,97,0.6533333333333333
CHO-TRI-54000,Montana_Pacific,6,4.666666666666667,5.0,90.0,58.8,31.2,24,0.6533333333333333
CHO-TRI-54000,South Dakota_Interior,3,4.666666666666667,4.0,33.75,22.05,11.7,9,0.6533333333333333
CHO-TRI-54000,Mississippi_Gulf,10,4.7,5.5,150.0,98.0,52.0,40,0.6533333333333333
CHO-TRI-54000,Alabama_Gulf,9,4.777777777777778,5.0,138.75,90.65,48.1,37,0.6533333333333333
CHO-TRI-54000,New Mexico_Pacific,5,4.8,5.0,63.75,41.65,22.099999999999998,17,0.6533333333333333
CHO-TRI-54000,Kansas_Interior,6,4.833333333333333,4.5,45.0,29.400000000000002,15.600000000000001,12,0.6533333333333334
CHO-TRI-54000,Tennessee_Gulf,28,4.857142857142857,5.0,408.75,267.05,141.7,109,0.6533333333333333
CHO-TRI-54000,Delaware_Atlantic,17,4.882352941176471,5.0,221.25,144.55,76.7,59,0.6533333333333334
CHO-TRI-54000,Michigan_Interior,42,4.904761904761905,5.0,457.5,298.9,158.6,122,0.6533333333333333
CHO-TRI-54000,Oklahoma_Interior,14,4.928571428571429,5.0,191.25,124.95,66.3,51,0.6533333333333333
CHO-TRI-54000,West Virginia_Atlantic,1,5.0,5.0,18.75,12.25,6.5,5,0.6533333333333333
CHO-TRI-54000,Minnesota_Interior,23,5.391304347826087,5.0,345.0,225.4,119.6,92,0.6533333333333333
CHO-TRI-54000,Alberta_Pacific,2,5.5,5.5,22.5,14.700000000000001,7.800000000000001,6,0.6533333333333334
OTH-FIZ-56000,Illinois_Interior,1,3.0,3.0,7.5,4.5,3.0,2,0.6
OTH-FIZ-56000,New York_Atlantic,1,3.0,3.0,15.0,9.0,6.0,4,0.6
OTH-FIZ-56000,Arizona_Pacific,1,5.0,5.0,11.25,6.75,4.5,3,0.6
OTH-FIZ-56000,Florida_Gulf,1,5.0,5.0,15.0,9.0,6.0,4,0.6
OTH-FIZ-56000,Pennsylvania_Atlantic,1,5.0,5.0,18.75,11.25,7.5,5,0.6
OTH-FIZ-56000,Michigan_Interior,1,6.0,6.0,11.25,6.75,4.5,3,0.6
OTH-GUM-21000,Nebraska_Interior,1,2.0,2.0,2.5,1.3,1.2,2,0.52
OTH-GUM-21000,Nevada_Pacific,1,2.0,2.0,2.5,1.3,1.2,2,0.52
OTH-GUM-21000,New Mexico_Pacific,2,2.0,2.0,12.5,6.5,6.0,10,0.52
OTH-GUM-21000,Rhode Island_Atlantic,1,2.0,2.0,2.5,1.3,1.2,2,0.52
OTH-GUM-21000,Alabama_Gulf,1,3.0,3.0,10.0,5.2,4.8,8,0.52
OTH-GUM-21000,Kentucky_Gulf,1,3.0,3.0,6.25,3.25,3.0,5,0.52
OTH-GUM-21000,Illinois_Interior,6,3.3333333333333335,4.0,26.25,13.649999999999999,12.600000000000001,21,0.5199999999999999
OTH-GUM-21000,Texas_Interior,11,3.4545454545454546,4.0,47.5,24.7,22.8,38,0.52
OTH-GUM-21000,Ohio_Atlantic,6,3.6666666666666665,4.0,28.75,14.95,13.8,23,0.52
OTH-GUM-21000,Colorado_Pacific,4,3.75,3.5,11.25,5.85,5.4,9,0.52
OTH-GUM-21000,Virginia_Gulf,4,3.75,3.5,13.75,7.15,6.6,11,0.52
OTH-GUM-21000,Washington_Pacific,5,3.8,3.0,11.25,5.85,5.4,9,0.52
OTH-GUM-21000,California_Pacific,16,3.875,4.5,58.75,30.55,28.2,47,0.52
OTH-GUM-21000,Connecticut_Atlantic,1,4.0,4.0,2.5,1.3,1.2,2,0.52
OTH-GUM-21000,Vermont_Atlantic,1,4.0,4.0,7.5,3.9,3.6,6,0.52
OTH-GUM-21000,New York_Atlantic,11,4.181818181818182,4.0,66.25,34.45,31.8,53,0.52
OTH-GUM-21000,Georgia_Gulf,4,4.25,4.5,17.5,9.1,8.4,14,0.52
OTH-GUM-21000,Michigan_Interior,4,4.25,5.5,22.5,11.7,10.8,18,0.52
OTH-GUM-21000,Pennsylvania_Atlantic,11,4.2727272727272725,5.0,82.5,42.9,39.6,66,0.52
OTH-GUM-21000,Louisiana_Gulf,2,4.5,4.5,11.25,5.85,5.4,9,0.52
OTH-GUM-21000,Wisconsin_Interior,2,4.5,4.5,15.0,7.800000000000001,7.199999999999999,12,0.52
OTH-GUM-21000,Florida_Gulf,6,4.666666666666667,5.0,38.75,20.150000000000002,18.599999999999998,31,0.52
OTH-GUM-21000,Indiana_Interior,4,4.75,5.0,21.25,11.05,10.2,17,0.52
OTH-GUM-21000,Minnesota_Interior,1,5.0,5.0,5.0,2.6,2.4,4,0.52
OTH-GUM-21000,South Carolina_Gulf,1,5.0,5.0,6.25,3.25,3.0,5,0.52
OTH-GUM-21000,Tennessee_Gulf,2,5.0,5.0,22.5,11.7,10.8,18,0.52
OTH-GUM-21000,North Carolina_Gulf,4,5.25,6.0,20.0,10.4,9.6,16,0.52
OTH-GUM-21000,Maryland_Atlantic,3,5.333333333333333,5.0,8.75,4.55,4.2,7,0.52
OTH-GUM-21000,New Jersey_Atlantic,2,5.5,5.5,6.25,3.25,3.0,5,0.52
OTH-GUM-21000,Arkansas_Gulf,1,6.0,6.0,3.75,1.95,1.8,3,0.52
OTH-GUM-21000,New Hampshire_Atlantic,1,7.0,7.0,6.25,3.25,3.0,5,0.52
OTH-KAZ-38000,Arizona_Pacific,1,2.0,2.0,16.25,1.25,15.0,5,0.07692307692307693
OTH-KAZ-38000,Kentucky_Gulf,2,2.0,2.0,26.0,2.0,24.0,8,0.07692307692307693
OTH-KAZ-38000,New Hampshire_Atlantic,2,2.0,2.0,35.75,2.75,33.0,11,0.07692307692307693
OTH-KAZ-38000,Oregon_Pacific,2,2.5,2.5,26.0,2.0,24.0,8,0.07692307692307693
OTH-KAZ-38000,Virginia_Gulf,4,2.75,3.5,55.25,4.25,51.0,17,0.07692307692307693
OTH-KAZ-38000,Louisiana_Gulf,1,3.0,3.0,9.75,0.75,9.0,3,0.07692307692307693
OTH-KAZ-38000,Ohio_Atlantic,3,3.0,2.0,29.25,2.25,27.0,9,0.07692307692307693
OTH-KAZ-38000,Massachusetts_Atlantic,3,3.3333333333333335,3.0,32.5,2.5,30.0,10,0.07692307692307693
OTH-KAZ-38000,Connecticut_Atlantic,2,3.5,3.5,9.75,0.75,9.0,3,0.07692307692307693
OTH-KAZ-38000,Florida_Gulf,3,3.6666666666666665,3.0,39.0,3.0,36.0,12,0.07692307692307693
OTH-KAZ-38000,Texas_Interior,9,3.6666666666666665,4.0,100.75,7.75,93.0,31,0.07692307692307693
OTH-KAZ-38000,California_Pacific,20,3.75,4.0,211.25,16.25,195.0,65,0.07692307692307693
OTH-KAZ-38000,Nevada_Pacific,1,4.0,4.0,16.25,1.25,15.0,5,0.07692307692307693
OTH-KAZ-38000,Pennsylvania_Atlantic,7,4.0,4.0,97.5,7.5,90.0,30,0.07692307692307693
OTH-KAZ-38000,Rhode Island_Atlantic,1,4.0,4.0,22.75,1.75,21.0,7,0.07692307692307693
OTH-KAZ-38000,South Carolina_Gulf,1,4.0,4.0,6.5,0.5,6.0,2,0.07692307692307693
OTH-KAZ-38000,Colorado_Pacific,2,4.5,4.5,19.5,1.5,18.0,6,0.07692307692307693
OTH-KAZ-38000,Georgia_Gulf,2,4.5,4.5,39.0,3.0,36.0,12,0.07692307692307693
OTH-KAZ-38000,New Jersey_Atlantic,3,4.666666666666667,5.0,68.25,5.25,63.0,21,0.07692307692307693
OTH-KAZ-38000,New York_Atlantic,13,4.6923076923076925,5.0,159.25,12.25,147.0,49,0.07692307692307693
OTH-KAZ-38000,Delaware_Atlantic,2,5.0,5.0,26.0,2.0,24.0,8,0.07692307692307693
OTH-KAZ-38000,Indiana_Interior,1,5.0,5.0,19.5,1.5,18.0,6,0.07692307692307693
OTH-KAZ-38000,Maryland_Atlantic,1,5.0,5.0,3.25,0.25,3.0,1,0.07692307692307693
OTH-KAZ-38000,Tennessee_Gulf,3,5.0,6.0,42.25,3.25,39.0,13,0.07692307692307693
OTH-KAZ-38000,Alabama_Gulf,2,5.5,5.5,35.75,2.75,33.0,11,0.07692307692307693
OTH-KAZ-38000,Missouri_Interior,1,6.0,6.0,6.5,0.5,6.0,2,0.07692307692307693
OTH-KAZ-38000,Washington_Pacific,4,6.0,6.0,52.0,4.0,48.0,16,0.07692307692307693
OTH-LIC-15000,Virginia_Gulf,1,2.0,2.0,80.0,40.0,40.0,4,0.5
OTH-LIC-15000,Oregon_Pacific,2,2.5,2.5,180.0,90.0,90.0,9,0.5
OTH-LIC-15000,Alabama_Gulf,2,3.5,3.5,140.0,70.0,70.0,7,0.5
OTH-LIC-15000,Colorado_Pacific,2,3.5,3.5,100.0,50.0,50.0,5,0.5
OTH-LIC-15000,Massachusetts_Atlantic,2,3.5,3.5,100.0,50.0,50.0,5,0.5
OTH-LIC-15000,Pennsylvania_Atlantic,8,3.5,4.0,680.0,340.0,340.0,34,0.5
OTH-LIC-15000,Texas_Interior,4,3.5,3.5,440.0,220.0,220.0,22,0.5
OTH-LIC-15000,Illinois_Interior,7,3.7142857142857144,4.0,520.0,260.0,260.0,26,0.5
OTH-LIC-15000,Arkansas_Gulf,1,4.0,4.0,60.0,30.0,30.0,3,0.5
OTH-LIC-15000,Kentucky_Gulf,1,4.0,4.0,40.0,20.0,20.0,2,0.5
OTH-LIC-15000,Michigan_Interior,1,4.0,4.0,60.0,30.0,30.0,3,0.5
OTH-LIC-15000,Mississippi_Gulf,1,4.0,4.0,80.0,40.0,40.0,4,0.5
OTH-LIC-15000,Tennessee_Gulf,1,4.0,4.0,40.0,20.0,20.0,2,0.5
OTH-LIC-15000,California_Pacific,15,4.066666666666666,4.0,1180.0,590.0,590.0,59,0.5
OTH-LIC-15000,New York_Atlantic,13,4.153846153846154,4.0,960.0,480.0,480.0,48,0.5
OTH-LIC-15000,Wisconsin_Interior,3,4.333333333333333,5.0,400.0,200.0,200.0,20,0.5
OTH-LIC-15000,Arizona_Pacific,5,4.4,4.0,640.0,320.0,320.0,32,0.5
OTH-LIC-15000,Quebec_Atlantic,2,4.5,4.5,100.0,50.0,50.0,5,0.5
OTH-LIC-15000,Rhode Island_Atlantic,2,4.5,4.5,140.0,70.0,70.0,7,0.5
OTH-LIC-15000,Ohio_Atlantic,7,4.571428571428571,5.0,740.0,370.0,370.0,37,0.5
OTH-LIC-15000,Washington_Pacific,6,4.666666666666667,5.0,340.0,170.0,170.0,17,0.5
OTH-LIC-15000,Delaware_Atlantic,1,5.0,5.0,60.0,30.0,30.0,3,0.5
OTH-LIC-15000,Georgia_Gulf,3,5.0,5.0,300.0,150.0,150.0,15,0.5
OTH-LIC-15000,Alberta_Pacific,2,5.5,5.5,180.0,90.0,90.0,9,0.5
OTH-LIC-15000,Utah_Pacific,1,6.0,6.0,100.0,50.0,50.0,5,0.5
OTH-LIC-15000,Nevada_Pacific,1,7.0,7.0,200.0,100.0,100.0,10,0.5
SUG-EVE-47000,Colorado_Pacific,1,1.0,1.0,60.0,48.0,12.0,6,0.8
SUG-EVE-47000,Florida_Gulf,1,4.0,4.0,40.0,32.0,8.0,4,0.8
SUG-EVE-47000,Texas_Interior,1,7.0,7.0,30.0,24.0,6.0,3,0.8
SUG-FUN-75000,Illinois_Interior,1,2.0,2.0,4.5,1.8,2.7,3,0.4
SUG-FUN-75000,Tennessee_Gulf,1,3.0,3.0,1.5,0.6,0.9,1,0.39999999999999997
SUG-FUN-75000,New York_Atlantic,1,6.0,6.0,6.0,2.4,3.6,4,0.39999999999999997
SUG-HAI-55000,North Carolina_Gulf,1,1.0,1.0,9.0,7.0,2.0,2,0.7777777777777778
SUG-HAI-55000,Arizona_Pacific,1,3.0,3.0,22.5,17.5,5.0,5,0.7777777777777778
SUG-HAI-55000,New York_Atlantic,1,5.0,5.0,22.5,17.5,5.0,5,0.7777777777777778
SUG-HAI-55000,California_Pacific,1,6.0,6.0,22.5,17.5,5.0,5,0.7777777777777778
SUG-LAF-25000,Ohio_Atlantic,1,1.0,1.0,7.96,4.96,3.0,4,0.6231155778894473
SUG-LAF-25000,Michigan_Interior,1,3.0,3.0,1.99,1.24,0.75,1,0.6231155778894473
SUG-LAF-25000,New York_Atlantic,2,3.0,3.0,5.97,3.7199999999999998,2.25,3,0.6231155778894473
SUG-LAF-25000,Washington_Pacific,1,4.0,4.0,1.99,1.24,0.75,1,0.6231155778894473
SUG-LAF-25000,Florida_Gulf,2,5.5,5.5,21.89,13.64,8.25,11,0.6231155778894473
SUG-LAF-25000,Pennsylvania_Atlantic,1,6.0,6.0,3.98,2.48,1.5,2,0.6231155778894473
SUG-LAF-25000,Connecticut_Atlantic,1,7.0,7.0,3.98,2.48,1.5,2,0.6231155778894473
SUG-LAF-25000,New Jersey_Atlantic,1,8.0,8.0,5.97,3.72,2.25,3,0.6231155778894473
SUG-NER-92000,New York_Atlantic,3,4.666666666666667,5.0,13.5,6.3,7.2,9,0.4666666666666667
SUG-NER-92000,Pennsylvania_Atlantic,1,6.0,6.0,1.5,0.7,0.8,1,0.4666666666666666
SUG-SWE-91000,California_Pacific,1,4.0,4.0,6.0,2.8,3.2,4,0.4666666666666666
SUG-SWE-91000,Michigan_Interior,1,4.0,4.0,4.5,2.1,2.4,3,0.4666666666666667
SUG-SWE-91000,Rhode Island_Atlantic,1,4.0,4.0,4.5,2.1,2.4,3,0.4666666666666667
SUG-SWE-91000,Texas_Interior,3,4.666666666666667,4.0,15.0,7.0,8.0,10,0.4666666666666667
SUG-SWE-91000,Delaware_Atlantic,1,6.0,6.0,4.5,2.1,2.4,3,0.4666666666666667
SUG-SWE-91000,New York_Atlantic,2,6.0,6.0,16.5,7.7,8.8,11,0.4666666666666667
SUG-SWE-91000,Ohio_Atlantic,1,6.0,6.0,10.5,4.9,5.6,7,0.4666666666666667
